<?xml version="1.0" encoding="ISO-8859-1"?>
<AgentConfiguration Name="dynaTrace 3.0" 
										DataSourceType="Base Configuration Jvm 1.5"
										Label="dynaTrace 3.x">
  <Host>localhost</Host>
  <Port>1099</Port>
  <Protocol />
  <!--0 .. JSR160/RMI-->
  <!--1 .. JSR160/IIOP-->
  <!--2 .. JNDI-->
  <!--3 .. JSR160/CORBALOC-->
  <ConnectionMode>0</ConnectionMode>
  <MEJBName />
  <UrlPostfix>com.dynatrace.diagnostics.management.30</UrlPostfix>
  <ContextFactory />
  <DefaultUser />
  <DefaultPassword />
  <TypePropertyString>type</TypePropertyString>
  <IsJsr77>false</IsJsr77>
  <JvmInfo>
    <JvmHomePath RecommendedVendor="SUN" RecommendedMajorVersion="1.5" />
    <Classpath />
    <AdditionalClasspath />
    <VmParameters />
  </JvmInfo>
</AgentConfiguration>

